Question,Answer
What is astronomy?,"Astronomy is the scientific study of celestial objects, space, and the universe as a whole. It involves the observation and analysis of planets, stars, galaxies, and other phenomena."
What is the largest planet in our solar system?,"The largest planet in our solar system is Jupiter. It has a diameter of about 139,820 kilometers (86,881 miles)."
How far is the Earth from the Sun?,"The average distance from Earth to the Sun is approximately 93 million miles or 150 million kilometers, a distance known as one astronomical unit (AU)."
What is a black hole?,A black hole is a region in space where the gravitational pull is so strong that not even light can escape from it. Black holes are formed from the remnants of massive stars that have collapsed under their own gravity.
What is the Milky Way?,"The Milky Way is the galaxy that contains our solar system. It is a barred spiral galaxy, characterized by a central bulge surrounded by spiral arms."
Who was the first person to walk on the Moon?,"The first person to walk on the Moon was Neil Armstrong, an astronaut who took his historic step on July 20, 1969, during the Apollo 11 mission."
What is the Hubble Space Telescope?,"The Hubble Space Telescope is a large space-based observatory that has been providing detailed images and data of distant galaxies, nebulae, and other celestial objects since its launch in 1990."
What causes a solar eclipse?,"A solar eclipse occurs when the Moon passes between the Earth and the Sun, blocking the Sun's light either partially or completely."
What are pulsars?,"Pulsars are highly magnetized, rotating neutron stars that emit beams of electromagnetic radiation out of their magnetic poles. The beams are observed as pulses of radiation."
What is dark matter?,"Dark matter is a form of matter that does not emit, absorb, or reflect light, making it invisible. It is believed to make up about 27% of the universe's mass and affects the motion of galaxies and galaxy clusters."